zone,timepoint,dual
Zone1,3,-1.1473969565979246e-05
Zone1,2,-7.345630428314069e-06
Zone2,1,-2.2206887716609504e-05
Zone1,4,-8.947843280727519e-06
Zone2,2,-7.345630428382887e-06
Zone2,3,-1.1473969565978743e-05
Zone2,4,-8.947843280727534e-06
Zone1,1,-2.2206887716609508e-05
