zone,timepoint,dual
Zone2,1,-2.455053933934728e-05
Zone2,2,-5.3234092704085465e-06
Zone2,3,-8.315234082474054e-06
Zone2,4,-9.45129499270091e-06
Zone1,1,-2.4550539339427703e-05
Zone1,2,-5.323409271162876e-06
Zone1,3,-8.315234079341536e-06
Zone1,4,-9.451294950916475e-06
