zone,timepoint,dual
Zone2,1,2585034.9745497154
Zone2,2,12695.000026800331
Zone2,3,9185.000109649118
Zone2,4,1393884.9853118067
Zone1,1,2585034.9745494053
Zone1,2,12695.000026800331
Zone1,3,9185.000109649089
Zone1,4,1393884.985312096
