zone,timepoint,dual
Zone1,3,8865.00010170942
Zone1,2,12375.000022086813
Zone2,1,2584714.974534485
Zone1,4,1393564.985306392
Zone2,2,12375.000022086813
Zone2,3,8865.000101709451
Zone2,4,1393564.9853060031
Zone1,1,2584714.974534262
