zone,timepoint,dual
Zone2,1,-1.6093427028833975e-05
Zone2,2,-5.323409266318329e-06
Zone2,3,-8.315234073282168e-06
Zone2,4,-6.484536823478499e-06
Zone1,1,-1.6093427028941267e-05
Zone1,2,-5.323409267090561e-06
Zone1,3,-8.315234073259825e-06
Zone1,4,-6.4845367826586055e-06
