zone,timepoint,dual
Zone1,3,8865.00010170942
Zone1,2,12375.000022086813
Zone2,1,2584624.974546428
Zone1,4,1393474.9853211867
Zone2,2,12375.000022086813
Zone2,3,8865.000101709451
Zone2,4,1393474.9853178803
Zone1,1,2584624.974549125
