zone,timepoint,dual
Zone1,3,8865.000106442405
Zone1,2,12375.000030476947
Zone2,1,2584714.974515799
Zone1,4,1393564.9852979996
Zone2,2,12375.000030476947
Zone2,3,8865.000106442414
Zone2,4,1393564.9852979982
Zone1,1,2584714.974515797
