zone,timepoint,dual
Zone1,3,8865.000106442405
Zone1,2,12375.000030476947
Zone2,1,2584624.9745322773
Zone1,4,1393474.9853143883
Zone2,2,12375.000030476947
Zone2,3,8865.000106442416
Zone2,4,1393474.985314387
Zone1,1,2584624.974532276
