zone,timepoint,dual
Zone1,3,-1.1473969578792853e-05
Zone1,2,-7.345630434175725e-06
Zone2,1,-3.3876632001183265e-05
Zone1,4,-1.3041593916614977e-05
Zone2,2,-7.345630434244521e-06
Zone2,3,-1.1473969578721293e-05
Zone2,4,-1.3041593916614994e-05
Zone1,1,-3.387663200118327e-05
