zone,timepoint,dual
Zone1,3,-8.315234077692238e-06
Zone1,2,-5.3234092518443075e-06
Zone2,1,-1.6093426973267838e-05
Zone1,4,-6.368370715958347e-06
Zone2,2,-5.323409308195611e-06
Zone2,3,-8.315234077555335e-06
Zone2,4,-6.484538920983329e-06
Zone1,1,-1.5999406565734726e-05
