zone,timepoint,dual
Zone2,1,2585034.974553972
Zone2,2,12695.000026800331
Zone2,3,9185.000109649112
Zone2,4,1393884.9853075508
Zone1,1,2585034.9745539813
Zone1,2,12695.000026800331
Zone1,3,9185.00010964911
Zone1,4,1393884.9853075414
