zone,timepoint,dual
Zone2,1,2585030.6208198373
Zone2,2,12698.333356345833
Zone2,3,9188.571519527144
Zone2,4,1393882.4343022602
Zone1,1,2585030.6208198383
Zone1,2,12698.333356345833
Zone1,3,9188.57151952716
Zone1,4,1393882.43430226
