zone,timepoint,dual
Zone2,1,2585034.9745368147
Zone2,2,12695.000036981008
Zone2,3,9185.000117398149
Zone2,4,1393884.9853060064
Zone1,1,2585034.9745368133
Zone1,2,12695.000036981008
Zone1,3,9185.00011739814
Zone1,4,1393884.9853060076
