zone,timepoint,dual
Zone2,1,2584714.974538741
Zone2,2,12375.000022086813
Zone2,3,8865.000101709446
Zone2,4,1393564.9853017475
Zone1,1,2584714.974538751
Zone1,2,12375.000022086813
Zone1,3,8865.000101709442
Zone1,4,1393564.985301738
