zone,timepoint,dual
Zone2,1,2585030.6208198415
Zone2,2,12698.333356345833
Zone2,3,9188.571519527151
Zone2,4,1393882.434302257
Zone1,1,2585030.620819841
Zone1,2,12698.333356345833
Zone1,3,9188.571519527153
Zone1,4,1393882.4343022571
