zone,timepoint,dual
Zone2,1,2585034.9745508996
Zone2,2,12695.00002680033
Zone2,3,9185.000109658711
Zone2,4,1393884.9853106125
Zone1,1,2585034.9745509094
Zone1,2,12695.00002680033
Zone1,3,9185.000109658706
Zone1,4,1393884.985310603
