period,discount_factor,number_years_represented
2020,1,1
2021,0.952380952,1
2022,0.907029478,1
2023,0.863837599,1
2024,1.214465558,1.5
2026,2.170561388,3
2030,4.970631533,9.5
2045,6.695163313,28