load_zone,timepoint,period,discount_factor,number_years_represented,timepoint_weight,number_of_hours_in_timepoint,static_load_mw,total_power_mw,net_imports_mw,overgeneration_mw,unserved_energy_mw,load_balance_dual,load_balance_marginal_cost_per_mw
Zone1,20200101,2020,1.0,10.0,4380.0,1,50.0,81.533333,-31.533333,0.0,0.0,-60283000.0,-1376.324200913242
Zone1,20200102,2020,1.0,10.0,4380.0,1,40.0,58.2,-18.2,0.0,0.0,-56020200.0,-1279.0
Zone1,20300101,2030,1.0,10.0,4380.0,1,40.0,67.53333367,-27.533333,0.0,0.0,-19344999.0,-441.6666438356164
Zone1,20300102,2030,1.0,10.0,4380.0,1,50.0,78.2000003,-28.2,0.0,0.0,-20832599.0,-475.63011415525114
Zone2,20200101,2020,1.0,10.0,4380.0,1,50.0,18.466666670000002,31.533333,0.0,0.0,-60283200.0,-1376.3287671232877
Zone2,20200102,2020,1.0,10.0,4380.0,1,40.0,21.8,18.2,0.0,0.0,-56020200.0,-1279.0
Zone2,20300101,2030,1.0,10.0,4380.0,1,40.0,12.466666670000002,27.533333,0.0,0.0,-19344999.0,-441.6666438356164
Zone2,20300102,2030,1.0,10.0,4380.0,1,50.0,21.8,28.2,0.0,0.0,-20832599.0,-475.63011415525114
