zone,timepoint,dual
Zone1,3,-8.315234073398226e-06
Zone1,4,-6.484541267123574e-06
Zone1,1,-1.6093424744260776e-05
Zone1,2,-5.323409270673727e-06
