zone,timepoint,dual
Zone1,3,8865.000101709456
Zone1,4,1393564.9853019058
Zone1,1,2584714.974538582
Zone1,2,12375.000022086813
