zone,timepoint,dual
Zone1,1,-2.4550537627091606e-05
Zone1,2,-5.323409274137039e-06
Zone1,3,-8.315234078062019e-06
Zone1,4,-9.4512995415454e-06
