zone,timepoint,dual
Zone1,1,-2.455053762709624e-05
Zone1,2,-5.323409274348574e-06
Zone1,3,-8.315234078062103e-06
Zone1,4,-9.451299530265826e-06
