zone,timepoint,dual
Zone1,3,-1.147396956597925e-05
Zone1,4,-8.947843280244366e-06
Zone1,1,-2.220688771659745e-05
Zone1,2,-7.345630429283828e-06
