zone,timepoint,dual
Zone1,3,8865.00010644241
Zone1,4,1393474.9853143883
Zone1,1,2584624.974532276
Zone1,2,12375.000030476947
