zone,timepoint,dual
Zone1,1,2584624.9745505243
Zone1,2,12375.000022086813
Zone1,3,8865.000101709484
Zone1,4,1393474.9853137827
