zone,timepoint,dual
Zone1,1,2584714.9745385824
Zone1,2,12375.000022086813
Zone1,3,8865.000101709478
Zone1,4,1393564.9853019058
