zone,timepoint,dual
Zone1,1,2585030.6208198355
Zone1,2,12698.333356345838
Zone1,3,9188.57151952714
Zone1,4,1393882.434302263
