zone,timepoint,dual
Zone1,1,2585030.620819835
Zone1,2,12698.333356345838
Zone1,3,9188.57151952716
Zone1,4,1393882.434302263
