zone,timepoint,dual
Zone1,3,-8.315234078062024e-06
Zone1,4,-9.451299541110023e-06
Zone1,1,-2.4550537627090935e-05
Zone1,2,-5.32340927476191e-06
