zone,timepoint,dual
Zone1,3,-1.1473969578792848e-05
Zone1,4,-1.3041593916120498e-05
Zone1,1,-3.3876632001174226e-05
Zone1,2,-7.345630435145486e-06
