zone,timepoint,dual
Zone1,1,-1.6093424744261003e-05
Zone1,2,-5.323409270416037e-06
Zone1,3,-8.315234073398226e-06
Zone1,4,-6.484541267314941e-06
