zone,timepoint,dual
Zone1,1,-1.609342474426168e-05
Zone1,2,-5.323409270048854e-06
Zone1,3,-8.315234073398223e-06
Zone1,4,-6.484541267548898e-06
