zone,timepoint,dual
Zone1,3,8865.00010644241
Zone1,4,1393564.9852979996
Zone1,1,2584714.974515797
Zone1,2,12375.000030476947
