zone,timepoint,dual
Zone1,1,-1.6093424744267867e-05
Zone1,2,-5.323409270260387e-06
Zone1,3,-8.315234073398215e-06
Zone1,4,-6.484541256529696e-06
