zone,timepoint,dual
Zone1,1,2585034.9745507413
Zone1,2,12695.000026800331
Zone1,3,9185.000109658657
Zone1,4,1393884.985310771
