zone,timepoint,dual
Zone1,1,2585034.9745538123
Zone1,2,12695.000026800335
Zone1,3,9185.00010964912
Zone1,4,1393884.9853077093
