zone,timepoint,dual
Zone1,1,2585034.9745368133
Zone1,2,12695.000036981008
Zone1,3,9185.000117398145
Zone1,4,1393884.9853060076
