rps_zone,period,rps_target_mwh,delivered_rps_energy_mwh,curtailed_rps_energy_mwh
CAISO,2030,101000000,101000000.45986943,-9.193824358569999e-10
CAISO,2020,70000000,70000000.04645029,-1.107394489925e-09
