rps_zone,period,rps_target_mwh,delivered_rps_energy_mwh,curtailed_rps_energy_mwh
CAISO,2030,101000000,101000000.45986943,-1.226715665167e-09
CAISO,2020,70000000,70000000.04645029,-3.007911651276999e-09
