rps_zone,period,dual
CAISO,2030,238.24542
CAISO,2020,261.88087
