rps_zone,period,dual
CAISO,2030,236.43069
CAISO,2020,263.29341
