zone,timepoint,dual
BA,1,2585899.974306904
BA,4,1396662.485603425
BA,2,12375.000021627167
BA,3,4402.500049935479
