zone,timepoint,dual
BA,1,2585989.9743030835
BA,4,1396752.4855555287
BA,2,12375.000025517893
BA,3,4402.500050848515
