zone,timepoint,dual
Zone2,1,2586309.974325693
Zone2,2,12695.00002905001
Zone2,3,4722.50005483002
Zone2,4,1397072.4855887818
Zone1,1,2586309.9743050574
Zone1,2,12695.000024844683
Zone1,3,4722.500065953622
Zone1,4,1397072.4856025781
