zone,timepoint,dual
BA,1,-3.37773569376615e-05
BA,4,-1.285870619622474e-05
BA,2,-7.3687025551815746e-06
BA,3,-1.145923344516533e-05
