zone,timepoint,dual
BA,1,2585899.974321588
BA,4,1396662.4855821212
BA,2,12375.00002551793
BA,3,4402.5000508485855
