zone,timepoint,dual
BA,1,-1.609634636650127e-05
BA,4,-6.511648352133495e-06
BA,2,-5.340183231514278e-06
BA,3,-8.302695963486553e-06
