zone,timepoint,dual
BA,1,-2.4477231664266444e-05
BA,4,-9.316969100222367e-06
BA,2,-5.340183235537695e-06
BA,3,-8.302772107861558e-06
