zone,timepoint,dual
Zone2,1,2586309.9743170054
Zone2,2,12695.000029689463
Zone2,3,4722.500072469552
Zone2,4,1397072.4855790355
Zone1,1,2586309.974345396
Zone1,2,12695.000036026113
Zone1,3,4722.500058093808
Zone1,4,1397072.4855599396
