zone,timepoint,dual
BA,1,2585989.9742954527
BA,4,1396752.4855859883
BA,2,12375.000021627167
BA,3,4402.500049935462
