zone,timepoint,dual
BA,1,-2.2424051976983828e-05
BA,4,-9.182080054243363e-06
BA,2,-7.368634891939687e-06
BA,3,-1.1458185211887657e-05
