prm_zone,period,prm_requirement_mw
CAISO,2020,53274.65833
CAISO,2021,53857.9136
CAISO,2022,54422.7361
CAISO,2023,54788.0107
CAISO,2024,55070.60879
CAISO,2026,57502.60551
CAISO,2030,57966.38639
CAISO,2045,67104.94985