load_point_fraction,average_heat_rate_coefficient
0.4,1.4
0.5,1.2
0.6,1.083333333
0.7,1.014285714
0.8,0.975
0.9,0.966666667
1,1