project,period,facet,elcc_surface_coefficient
Solar_BTM,2020,1,1.248933
Solar,2020,1,1.248933
Wind,2020,1,1.248933
Solar_BTM,2020,2,1.337115
Solar,2020,2,1.337115
Wind,2020,2,1.337115