balancing_type_project,horizon,period,average_power_fraction,min_power_fraction,max_power_fraction
day,202001,2020,0.333333,0.166667,1
day,202002,2020,0.666667,0.166667,1
day,202003,2020,0.666667,0.166667,1
day,203001,2030,0.333333,0.166667,1
day,203002,2030,0.666667,0.166667,1
day,203003,2030,0.666667,0.166667,1