balancing_type_project,horizon,period,avg,min,max
day,202001,2020,0.33333,0.16667,1
day,202002,2020,0.66667,0.16667,1
day,202003,2020,0.66667,0.16667,1
day,203001,2030,0.33333,0.16667,1
day,203002,2030,0.66667,0.16667,1
day,203003,2030,0.66667,0.16667,1