generator,period,capacity_mw,new_build_option_mw
Coal,2020,6.0,
Coal,2030,6.0,
Gas_CCGT,2020,6.0,
Gas_CCGT,2030,6.0,
Gas_CCGT_New,2020,1.33333316669,1.33333316669
Gas_CCGT_New,2030,1.33333316671,2.70686300589e-11
Gas_CT,2020,6.0,
Gas_CT,2030,6.0,
Gas_CT_New,2030,0.0,0.0
Nuclear,2020,6.0,
Nuclear,2030,6.0,
Wind,2020,2.0,
Wind,2030,2.0,
Wind_New,2020,37.2592586756,37.2592586756
Wind_New,2030,59.3333322627,22.0740735871
