zone,timepoint,dual
Zone1,1,4428.333323925364
Zone1,2,-11106682.777783606
Zone1,3,-19995571.6666742
Zone1,4,4428.333323925364
