zone,timepoint,dual
Zone1,1,26276.666622365577
Zone1,2,22179648.990670975
Zone1,3,33359609.999953434
Zone1,4,2991441.6840425394
