zone,timepoint,dual
Zone1,1,30384.999944886335
Zone1,2,11072556.21274718
Zone1,3,13363718.333277315
Zone1,4,2995460.0174535955
