zone,timepoint,dual
Zone1,3,13363718.333264397
Zone1,4,2994978.146774807
Zone1,1,30384.999932312992
Zone1,2,11073218.083472496
