zone,timepoint,dual
Zone1,3,13363718.333283376
Zone1,4,2995550.01748457
Zone1,1,30384.999950946938
Zone1,2,11072646.212778153
