zone,timepoint,dual
Zone1,3,13363718.333256034
Zone1,4,2994888.1467320663
Zone1,1,30384.99992395013
Zone1,2,11073128.083429756
