zone,timepoint,dual
Zone1,1,4428.333326515337
Zone1,2,-11106682.777782002
Zone1,3,-19995571.666672125
Zone1,4,4428.333326515337
