zone,timepoint,dual
Zone1,3,33359609.999935746
Zone1,4,2990869.8134476393
Zone1,1,26276.666605536775
Zone1,2,22180220.86125286
