zone,timepoint,dual
Zone1,3,33359609.999935746
Zone1,4,2990869.813403437
Zone1,1,26276.66660553677
Zone1,2,22180220.86120866
