rps_zone,period,rps_target_mwh,delivered_rps_energy_mwh,curtailed_rps_energy_mwh
RPSZone1,2030,50,49.999999508001395,35.86666565974717
RPSZone1,2020,50,49.99999950800245,4.962962637786092
