rps_zone,period,rps_target_mwh,delivered_rps_energy_mwh,curtailed_rps_energy_mwh
RPSZone1,2030,50,49.999999508001366,35.86666565974712
RPSZone1,2020,50,49.99999950800246,4.962962637786092
