rps_zone,period,dual
RPSZone1,2030,19995571.66667189
RPSZone1,2020,11106682.777783394
