rps_zone,period,dual
RPSZone1,2030,19995571.666673876
RPSZone1,2020,11106682.777785517
