period,technology,capacity_mw
2030,Battery,1120.8533632036456
2030,Biomass,0.0
2030,CCGT,0.0
2030,Geothermal,89.86465750244679
2030,Peaker,0.0
2030,Pumped_Storage,0.0
2030,Solar,9031.324699565586
2030,Wind,1147.81230415
2030,unspecified,0.0
