load_point_fraction,average_heat_rate_mmbtu_per_mwh
0.42002799999999996,13.92379895
1.0,10.22248669
