load_point_fraction,average_heat_rate_mmbtu_per_mwh
0.5630689999999999,13.19816139
1.0,11.57353772
