load_point_fraction,average_heat_rate_mmbtu_per_mwh
0.36391399999999996,7.951633996
1.0,7.033006867
