load_point_fraction,average_heat_rate_mmbtu_per_mwh
0.25438299999999997,12.31946171
1.0,10.0759302
