load_point_fraction,average_heat_rate_mmbtu_per_mwh
0.42281499999999994,8.180040404
1.0,7.2484901310000005
