load_point_fraction,average_heat_rate_mmbtu_per_mwh
0.32269200000000003,8.999211466
1.0,7.428516287999999
