load_point_fraction,average_heat_rate_mmbtu_per_mwh
0.21019899999999997,16.85484625
1.0,11.43308491
